"Age","Weight","Height","Alcohol","Deps","is_screen","Full","Part","BMI","Team10","Team11","Team2","Team3","Team4","Team5","Team6","Team7","Team8","Team9","Full_Deps","Part_Deps"
55.5,72.48,158.79,8,2,0,0,0,28.7456337065971,0,0,1,0,0,0,0,0,0,0,0,0
67.2,84.248,164.44,12,0,1,0,0,31.1562129500381,0,0,1,0,0,0,0,0,0,0,0,0
59.5,76.542,160.74,23,2,0,1,0,29.6245579016013,0,0,1,0,0,0,0,0,0,0,2,0
57.6,74.634,159.82,20,3,0,0,0,29.2196133990747,0,0,1,0,0,0,0,0,0,0,0,0
53.1,70.139,157.67,6,2,0,1,0,28.2137903209784,0,0,1,0,0,0,0,0,0,0,2,0
64.4,81.386,163.07,11,0,1,0,0,30.605646775299,0,0,1,0,0,0,0,0,0,0,0,0
46.6,63.577,154.52,11,0,0,1,0,26.6275146388716,0,0,1,0,0,0,0,0,0,0,0,0
86.9,103.879,173.86,21,0,1,0,0,34.3659544102974,0,0,1,0,0,0,0,0,0,0,0,0
52.5,69.524,157.37,16,2,0,1,0,28.0731315818535,0,0,1,0,0,0,0,0,0,0,2,0
67.6,84.551,164.58,21,0,1,0,0,31.2150929491407,0,0,1,0,0,0,0,0,0,0,0,0
61.3,78.275,161.57,16,2,0,1,0,29.9848324440093,0,0,1,0,0,0,0,0,0,0,2,0
67.7,84.668,164.64,22,2,1,0,0,31.2355089196584,0,0,1,0,0,0,0,0,0,0,0,0
47.8,64.82,155.11,13,0,1,1,0,26.9419751363144,0,0,1,0,0,0,0,0,0,0,0,0
52.5,69.519,157.37,5,1,0,1,0,28.0711126292917,0,0,1,0,0,0,0,0,0,0,1,0
49,65.997,155.68,23,3,0,0,0,27.2306838863075,0,0,1,0,0,0,0,0,0,0,0,0
60.9,77.887,161.39,26,3,1,0,1,29.9027915290763,0,0,1,0,0,0,0,0,0,0,0,3
61.1,78.088,161.48,8,2,1,0,0,29.9465514955205,0,0,1,0,0,0,0,0,0,0,0,0
56.9,73.861,159.45,15,2,0,1,0,29.0513377898961,0,0,1,0,0,0,0,0,0,0,2,0
80,96.967,170.54,28,2,0,1,0,33.3404488414473,0,0,1,0,0,0,0,0,0,0,2,0
56.3,73.276,159.17,10,0,1,0,0,28.9227325347968,0,0,1,0,0,0,0,0,0,0,0,0
56.6,73.61,159.33,29,3,0,0,0,28.9962413174111,0,0,1,0,0,0,0,0,0,0,0,0
49.4,66.375,155.86,21,1,0,1,0,27.3234283288218,0,0,1,0,0,0,0,0,0,0,1,0
55.2,72.228,158.67,27,2,0,1,0,28.6890353678871,0,0,1,0,0,0,0,0,0,0,2,0
60.3,77.286,161.1,5,1,1,1,0,29.7789753175041,0,0,1,0,0,0,0,0,0,0,1,0
63.2,80.217,162.5,19,0,1,0,0,30.3780355029586,0,0,1,0,0,0,0,0,0,0,0,0
71.3,88.318,166.39,30,3,0,0,0,31.9003010951663,0,0,1,0,0,0,0,0,0,0,0,0
70.1,87.128,165.82,4,0,0,1,0,31.6872042626403,0,0,1,0,0,0,0,0,0,0,0,0
56.7,73.73,159.39,10,0,0,0,1,29.0216494931755,0,0,1,0,0,0,0,0,0,0,0,0
75.5,92.54,168.42,26,1,1,0,0,32.6243726471337,0,0,1,0,0,0,0,0,0,0,0,0
35.8,52.79,149.34,23,3,0,0,0,23.6700605022709,0,0,1,0,0,0,0,0,0,0,0,0
65.8,82.786,163.74,25,0,1,0,0,30.8778694737039,0,0,1,0,0,0,0,0,0,0,0,0
51.5,68.471,156.87,18,3,0,0,0,27.8244685208935,0,0,1,0,0,0,0,0,0,0,0,0
74.5,91.528,167.93,15,0,1,0,0,32.456179503495,0,0,0,1,0,0,0,0,0,0,0,0
53.5,70.457,157.82,23,0,1,0,0,28.2878583904276,0,0,0,1,0,0,0,0,0,0,0,0
74.5,91.488,167.91,27,3,0,0,0,32.4497242353355,0,0,0,1,0,0,0,0,0,0,0,0
58.5,75.547,160.26,6,2,0,0,0,29.4148708710258,0,0,0,1,0,0,0,0,0,0,0,0
34.5,51.517,148.73,9,2,1,0,0,23.2891377073915,0,0,0,1,0,0,0,0,0,0,0,0
52.4,69.412,157.32,10,3,0,0,0,28.045725733134,0,0,0,1,0,0,0,0,0,0,0,0
36.3,53.268,149.57,6,1,0,1,0,23.8109873205688,0,0,0,1,0,0,0,0,0,0,1,0
60.2,77.236,161.07,7,1,1,0,0,29.7707966654935,0,0,0,1,0,0,0,0,0,0,0,0
81.7,98.718,171.38,8,1,1,0,0,33.6105849666314,0,0,0,1,0,0,0,0,0,0,0,0
29.6,46.601,146.37,18,0,1,0,0,21.7515941067496,0,0,0,1,0,0,0,0,0,0,0,0
70.3,87.256,165.88,8,1,1,0,0,31.7108035192567,0,0,0,1,0,0,0,0,0,0,0,0
40.5,57.515,151.61,4,0,0,0,1,25.0221964045033,0,0,0,1,0,0,0,0,0,0,0,0
80.8,97.811,170.95,7,1,1,1,0,33.4695203694989,0,0,0,1,0,0,0,0,0,0,1,0
75.3,92.266,168.29,18,3,1,0,0,32.5780490040788,0,0,0,1,0,0,0,0,0,0,0,0
47.5,64.514,154.97,6,0,1,1,0,26.8632592771839,0,0,0,1,0,0,0,0,0,0,0,0
54.7,71.725,158.43,14,2,0,1,0,28.5756233243843,0,0,0,1,0,0,0,0,0,0,2,0
57.1,74.139,159.59,19,0,1,0,0,29.109542133354,0,0,0,1,0,0,0,0,0,0,0,0
53.3,70.264,157.73,29,2,0,1,0,28.2425732039004,0,0,0,1,0,0,0,0,0,0,2,0
90.3,107.274,175.49,20,0,1,0,0,34.8329075258196,0,0,0,1,0,0,0,0,0,0,0,0
59.6,76.623,160.78,13,2,0,0,0,29.6411536860182,0,0,0,1,0,0,0,0,0,0,0,0
49.1,66.087,155.72,11,3,0,0,0,27.2538114839092,0,0,0,1,0,0,0,0,0,0,0,0
66,82.975,163.83,14,0,0,0,1,30.9143698631127,0,0,0,1,0,0,0,0,0,0,0,0
60.5,77.521,161.21,13,0,1,0,0,29.8287744617085,0,0,0,1,0,0,0,0,0,0,0,0
57.1,74.126,159.58,7,1,1,1,0,29.1080856266373,0,0,0,1,0,0,0,0,0,0,1,0
56.8,73.844,159.45,21,0,1,0,0,29.0446512741107,0,0,0,1,0,0,0,0,0,0,0,0
63.6,80.611,162.69,12,2,1,1,0,30.4559808273799,0,0,0,1,0,0,0,0,0,0,2,0
44.7,61.696,153.61,10,1,0,1,0,26.1467689730766,0,0,0,1,0,0,0,0,0,0,1,0
43.5,60.47,153.03,17,0,0,1,0,25.8218177826101,0,0,0,1,0,0,0,0,0,0,0,0
78.6,95.607,169.89,29,2,1,1,0,33.1248605180818,0,0,0,1,0,0,0,0,0,0,2,0
32.2,49.224,147.63,20,3,0,0,0,22.585393551928,0,0,0,1,0,0,0,0,0,0,0,0
58.2,75.159,160.08,19,2,0,1,0,29.329647395193,0,0,0,1,0,0,0,0,0,0,2,0
44.4,61.406,153.47,26,0,0,0,1,26.0713681348891,0,0,0,1,0,0,0,0,0,0,0,0
61.4,78.382,161.62,23,1,0,1,0,30.007245810773,0,0,0,1,0,0,0,0,0,0,1,0
70.6,87.606,166.05,25,2,0,1,0,31.7728440759265,0,0,0,1,0,0,0,0,0,0,2,0
32.1,49.07,147.55,3,2,1,0,0,22.5391550067573,0,0,0,1,0,0,0,0,0,0,0,0
69.2,86.21,165.38,14,1,1,0,0,31.5203963545238,0,0,0,1,0,0,0,0,0,0,0,0
57.4,74.375,159.7,18,1,1,1,0,29.1619893123025,0,0,0,1,0,0,0,0,0,0,1,0
41.2,58.183,151.93,28,2,0,1,0,25.2062961596012,0,0,0,1,0,0,0,0,0,0,2,0
33.9,50.86,148.41,29,2,1,1,0,23.0913873070766,0,0,0,1,0,0,0,0,0,0,2,0
66.9,83.87,164.26,1,0,1,0,0,31.084437013072,0,0,0,1,0,0,0,0,0,0,0,0
68.2,85.217,164.9,7,1,0,1,0,31.3389852386786,0,0,0,1,0,0,0,0,0,0,1,0
79.6,96.59,170.36,9,1,1,0,0,33.2810410847165,0,0,0,1,0,0,0,0,0,0,0,0
56.7,73.703,159.38,22,1,0,1,0,29.0146623348056,0,0,0,1,0,0,0,0,0,0,1,0
75.9,92.854,168.57,6,2,1,1,0,32.6768393925179,0,0,0,1,0,0,0,0,0,0,2,0
46.8,63.838,154.64,11,2,0,1,0,26.6953482266374,0,0,0,0,1,0,0,0,0,0,2,0
43.5,60.53,153.05,13,3,0,0,0,25.8406840502508,0,0,0,0,1,0,0,0,0,0,0,0
51.4,68.371,156.82,27,1,0,1,0,27.8015514998785,0,0,0,0,1,0,0,0,0,0,1,0
88.6,105.571,174.67,12,1,0,1,0,34.6025412341487,0,0,0,0,1,0,0,0,0,0,1,0
47.6,64.594,155.01,16,2,0,1,0,26.8826914034706,0,0,0,0,1,0,0,0,0,0,2,0
63.2,80.169,162.48,4,1,1,0,0,30.3673325638715,0,0,0,0,1,0,0,0,0,0,0,0
43.3,60.266,152.93,1,1,1,1,0,25.7683725180192,0,0,0,0,1,0,0,0,0,0,1,0
43.3,60.325,152.96,23,0,1,0,0,25.783482787635,0,0,0,0,1,0,0,0,0,0,0,0
53.8,70.838,158,10,3,0,0,0,28.3760615286012,0,0,0,0,1,0,0,0,0,0,0,0
75,92.039,168.18,12,0,0,0,1,32.5404230761991,0,0,0,0,1,0,0,0,0,0,0,0
68.5,85.536,165.06,11,0,0,0,1,31.3953446887758,0,0,0,0,1,0,0,0,0,0,0,0
39.8,56.775,151.25,17,0,1,1,0,24.8179769141452,0,0,0,0,1,0,0,0,0,0,0,0
53,69.996,157.6,21,2,0,0,0,28.1812852688809,0,0,0,0,1,0,0,0,0,0,0,0
48.3,65.295,155.34,29,2,0,0,0,27.0590985631488,0,0,0,0,1,0,0,0,0,0,0,0
53.4,70.384,157.78,21,2,1,1,0,28.2728794332171,0,0,0,0,1,0,0,0,0,0,2,0
73.5,90.501,167.44,0,0,0,1,0,32.2801056418809,0,0,0,0,1,0,0,0,0,0,0,0
56.7,73.657,159.36,16,2,0,1,0,29.0038322214561,0,0,0,0,1,0,0,0,0,0,2,0
60.2,77.157,161.04,25,2,1,1,0,29.7514275687909,0,0,0,0,0,1,0,0,0,0,2,0
61.2,78.183,161.53,24,1,1,0,0,29.9644247622836,0,0,0,0,0,1,0,0,0,0,0,0
50.3,67.318,156.31,2,2,0,1,0,27.5522885796206,0,0,0,0,0,1,0,0,0,0,2,0
40.1,57.135,151.42,7,0,1,1,0,24.9192948065058,0,0,0,0,0,1,0,0,0,0,0,0
53.9,70.863,158.01,29,1,0,1,0,28.3824831162916,0,0,0,0,0,1,0,0,0,0,1,0
59.6,76.605,160.77,1,2,1,0,0,29.6378771396652,0,0,0,0,0,1,0,0,0,0,0,0
70.7,87.726,166.11,27,3,1,0,0,31.7933851384375,0,0,0,0,0,1,0,0,0,0,0,0
54.8,71.805,158.47,22,0,1,0,0,28.5930557265456,0,0,0,0,0,1,0,0,0,0,0,0
54.2,71.218,158.18,6,3,0,0,0,28.4633904877106,0,0,0,0,0,1,0,0,0,0,0,0
78.2,95.19,169.69,25,1,0,1,0,33.0581714317867,0,0,0,0,0,1,0,0,0,0,1,0
48.3,65.329,155.36,12,0,1,1,0,27.0662186148035,0,0,0,0,0,1,0,0,0,0,0,0
63.3,80.3,162.54,12,1,1,0,0,30.3945021667457,0,0,0,0,0,1,0,0,0,0,0,0
50.7,67.701,156.5,14,3,0,0,0,27.6418050607845,0,0,0,0,0,1,0,0,0,0,0,0
63.2,80.188,162.49,18,1,1,0,0,30.3707910829421,0,0,0,0,0,1,0,0,0,0,0,0
38.7,55.684,150.73,11,0,1,0,0,24.5093067032201,0,0,0,0,0,1,0,0,0,0,0,0
51.5,68.516,156.89,1,3,0,0,0,27.835656893897,0,0,0,0,0,1,0,0,0,0,0,0
54.5,71.503,158.32,30,3,0,0,0,28.5267766066181,0,0,0,0,0,1,0,0,0,0,0,0
70.6,87.593,166.04,29,0,1,0,1,31.7719559293848,0,0,0,0,0,1,0,0,0,0,0,0
52.1,69.13,157.18,17,0,1,1,0,27.9815641766423,0,0,0,0,0,1,0,0,0,0,0,0
52.8,69.778,157.49,7,0,0,0,1,28.1327736124405,0,0,0,0,0,1,0,0,0,0,0,0
47.4,64.37,154.9,26,3,0,0,0,26.8275290374556,0,0,0,0,0,1,0,0,0,0,0,0
66.6,83.613,164.13,22,1,1,0,0,31.0382957511145,0,0,0,0,0,1,0,0,0,0,0,0
52.2,69.248,157.24,15,2,0,0,0,28.0079398108856,0,0,0,0,0,1,0,0,0,0,0,0
74.9,91.852,168.09,17,2,0,1,0,32.5090937387217,0,0,0,0,0,1,0,0,0,0,2,0
63.5,80.538,162.66,0,0,1,1,0,30.439625475819,0,0,0,0,0,1,0,0,0,0,0,0
56.1,73.113,159.09,14,2,0,1,0,28.8874256512683,0,0,0,0,0,1,0,0,0,0,2,0
63.7,80.694,162.73,1,1,0,1,0,30.4723533103927,0,0,0,0,0,1,0,0,0,0,1,0
57.5,74.498,159.76,14,0,0,0,1,29.1882804176219,0,0,0,0,0,1,0,0,0,0,0,0
31.3,48.294,147.18,3,1,0,1,0,22.2943893090634,0,0,0,0,0,1,0,0,0,0,1,0
60,76.96,160.94,4,1,0,1,0,29.7123542965369,0,0,0,0,0,1,0,0,0,0,1,0
66.3,83.251,163.96,27,0,0,0,1,30.9680343196542,0,0,0,0,0,1,0,0,0,0,0,0
45.7,62.727,154.11,4,2,0,0,0,26.4114884126147,0,0,0,0,0,1,0,0,0,0,0,0
44.1,61.079,153.32,22,1,1,0,0,25.9832993565361,0,0,0,0,0,1,0,0,0,0,0,0
52.5,69.533,157.38,29,3,0,0,0,28.0731977877482,0,0,0,0,0,1,0,0,0,0,0,0
51.5,68.549,156.9,1,3,0,0,0,27.8455138415143,0,0,0,0,0,1,0,0,0,0,0,0
63.2,80.237,162.51,1,3,0,0,0,30.3818700453175,0,0,0,0,0,1,0,0,0,0,0,0
59.7,76.677,160.8,6,3,1,0,0,29.6546651072993,0,0,0,0,0,1,0,0,0,0,0,0
70.9,87.934,166.21,15,0,1,0,0,31.8304317960928,0,0,0,0,0,1,0,0,0,0,0,0
78.7,95.669,169.92,28,2,0,1,0,33.1346384118726,0,0,0,0,0,1,0,0,0,0,2,0
57.8,74.776,159.89,4,0,1,0,0,29.2495793466051,0,0,0,0,0,1,0,0,0,0,0,0
57.7,74.697,159.85,5,0,1,1,0,29.2333023736184,0,0,0,0,0,1,0,0,0,0,0,0
53.8,70.786,157.98,24,2,0,0,0,28.3624114362808,0,0,0,0,0,1,0,0,0,0,0,0
56.6,73.583,159.32,25,0,0,0,1,28.9892443336099,0,0,0,0,0,1,0,0,0,0,0,0
56.8,73.764,159.41,24,2,0,0,0,29.0277474279499,0,0,0,0,0,1,0,0,0,0,0,0
61.3,78.301,161.58,1,0,0,1,0,29.9910797020039,0,0,0,0,0,1,0,0,0,0,0,0
59.7,76.737,160.83,21,0,0,0,1,29.6667992446338,0,0,0,0,0,1,0,0,0,0,0,0
55,71.972,158.55,24,0,0,0,1,28.6306414734366,0,0,0,0,0,1,0,0,0,0,0,0
58.7,75.738,160.35,17,1,0,1,0,29.4561446648366,0,0,0,0,0,1,0,0,0,0,1,0
55.8,72.784,158.94,14,2,0,1,0,28.8117410029694,0,0,0,0,0,1,0,0,0,0,2,0
67.9,84.934,164.77,5,2,1,0,0,31.2842173429286,0,0,0,0,0,1,0,0,0,0,0,0
58.1,75.084,160.04,3,0,0,1,0,29.3150281537339,0,0,0,0,0,1,0,0,0,0,0,0
50.1,67.128,156.22,5,2,1,0,0,27.5061901630344,0,0,0,0,0,1,0,0,0,0,0,0
54.8,71.844,158.49,1,2,0,1,0,28.6013658597315,0,0,0,0,0,1,0,0,0,0,2,0
49.4,66.37,155.86,21,1,1,0,0,27.3213700668008,0,0,0,0,0,1,0,0,0,0,0,0
60.5,77.532,161.22,23,3,1,1,0,29.8293062846484,0,0,0,0,0,1,0,0,0,0,3,0
68.6,85.58,165.08,26,0,1,1,0,31.403883801021,0,0,0,0,0,1,0,0,0,0,0,0
65.9,82.901,163.79,13,0,1,0,0,30.901887240478,0,0,0,0,0,1,0,0,0,0,0,0
60.5,77.518,161.21,13,1,1,0,1,29.8276201122627,0,0,0,0,0,1,0,0,0,0,0,1
56.9,73.862,159.45,18,0,1,0,0,29.0517311143541,0,0,0,0,0,1,0,0,0,0,0,0
61.6,78.619,161.74,25,2,0,1,0,30.0533326144703,0,0,0,0,0,1,0,0,0,0,2,0
32.5,49.477,147.75,10,2,1,0,0,22.6646167412484,0,0,0,0,0,1,0,0,0,0,0,0
62.5,79.48,162.15,29,2,0,1,0,30.2290119595335,0,0,0,0,0,1,0,0,0,0,2,0
53.3,70.342,157.76,20,2,0,0,0,28.2631730124378,0,0,0,0,0,1,0,0,0,0,0,0
42.5,59.503,152.56,9,0,1,0,0,25.5656890450522,0,0,0,0,0,1,0,0,0,0,0,0
65.4,82.373,163.54,22,0,1,0,0,30.7990198932512,0,0,0,0,0,1,0,0,0,0,0,0
59.6,76.55,160.74,28,1,0,1,0,29.6276541946589,0,0,0,0,0,1,0,0,0,0,1,0
51.5,68.454,156.86,20,0,1,1,0,27.8211071677306,0,0,0,0,0,1,0,0,0,0,0,0
65.8,82.753,163.72,6,3,0,0,0,30.8731025165035,0,0,0,0,0,1,0,0,0,0,0,0
56.8,73.835,159.44,4,1,0,1,0,29.0447543572599,0,0,0,0,0,1,0,0,0,0,1,0
54.3,71.31,158.23,3,3,0,0,0,28.4821507202324,0,0,0,0,0,1,0,0,0,0,0,0
44.4,61.427,153.49,9,2,0,1,0,26.0734880158245,0,0,0,0,0,1,0,0,0,0,2,0
50.2,67.19,156.25,25,1,0,1,0,27.521024,0,0,0,0,0,1,0,0,0,0,1,0
55.1,72.087,158.6,30,0,1,0,0,28.6583106596337,0,0,0,0,0,1,0,0,0,0,0,0
54.9,71.865,158.5,13,2,0,0,0,28.6061160923086,0,0,0,0,0,1,0,0,0,0,0,0
69.9,86.924,165.72,6,0,1,1,0,31.6511762189395,0,0,0,0,0,0,1,0,0,0,0,0
54.7,71.675,158.4,29,3,0,0,0,28.5665206356494,0,0,0,0,0,0,1,0,0,0,0,0
81.7,98.691,171.37,20,2,1,0,0,33.6053138748608,0,0,0,0,0,0,1,0,0,0,0,0
52.6,69.625,157.42,9,0,1,0,0,28.0960580841098,0,0,0,0,0,0,1,0,0,0,0,0
77.7,94.694,169.45,4,3,0,0,0,32.9791391986345,0,0,0,0,0,0,1,0,0,0,0,0
60,77.024,160.97,18,1,0,1,0,29.7259799472593,0,0,0,0,0,0,1,0,0,0,1,0
44.4,61.432,153.49,4,0,1,0,0,26.0756103307687,0,0,0,0,0,0,1,0,0,0,0,0
58.4,75.352,160.17,11,0,1,0,0,29.3719264980403,0,0,0,0,0,0,1,0,0,0,0,0
53.5,70.541,157.86,29,0,1,0,0,28.3072327012073,0,0,0,0,0,0,1,0,0,0,0,0
68.7,85.658,165.12,27,0,1,0,0,31.41727909418,0,0,0,0,0,0,1,0,0,0,0,0
64.4,81.417,163.08,25,1,1,0,0,30.6135497269902,0,0,0,0,0,0,1,0,0,0,0,0
70.7,87.728,166.11,10,0,1,0,0,31.7941099722414,0,0,0,0,0,0,1,0,0,0,0,0
45.2,62.232,153.87,26,0,0,1,0,26.2848710584778,0,0,0,0,0,0,1,0,0,0,0,0
51,67.979,156.63,24,2,0,1,0,27.7092566856464,0,0,0,0,0,0,1,0,0,0,2,0
45.3,62.343,153.92,18,3,0,0,0,26.314649373706,0,0,0,0,0,0,1,0,0,0,0,0
31.6,53.549,141.88,2,1,1,0,0,26.6016763571768,0,0,0,0,0,0,1,0,0,0,0,0
62.2,79.154,161.99,13,1,1,1,0,30.164522558933,0,0,0,0,0,0,1,0,0,0,1,0
66.4,83.392,164.03,23,1,0,1,0,30.994013645565,0,0,0,0,0,0,1,0,0,0,1,0
41.4,58.375,152.02,7,0,0,0,1,25.2595399884459,0,0,0,0,0,0,1,0,0,0,0,0
47.4,64.368,154.9,9,1,1,0,0,26.8266954960842,0,0,0,0,0,0,1,0,0,0,0,0
35.6,52.64,149.27,11,0,0,1,0,23.6249454811971,0,0,0,0,0,0,1,0,0,0,0,0
73.4,90.394,167.39,19,1,1,0,0,32.2612050807447,0,0,0,0,0,0,1,0,0,0,0,0
53.8,70.82,157.99,27,0,1,0,0,28.3724424804115,0,0,0,0,0,0,1,0,0,0,0,0
45.9,62.908,154.2,22,0,1,1,0,26.456788815038,0,0,0,0,0,0,1,0,0,0,0,0
69,85.992,165.28,14,0,1,0,0,31.4787473209826,0,0,0,0,0,0,1,0,0,0,0,0
54.8,71.83,158.48,1,0,1,0,0,28.5994012783228,0,0,0,0,0,0,1,0,0,0,0,0
39,56.027,150.89,17,1,0,1,0,24.6080075546719,0,0,0,0,0,0,0,1,0,0,1,0
57.7,74.701,159.86,13,0,0,0,1,29.2312103629898,0,0,0,0,0,0,0,1,0,0,0,0
58.3,75.333,160.16,18,3,0,0,0,29.3681873820485,0,0,0,0,0,0,0,1,0,0,0,0
60,77.046,160.98,29,2,0,0,0,29.7307763708004,0,0,0,0,0,0,0,1,0,0,0,0
63.1,80.125,162.46,8,0,1,0,0,30.3581389721606,0,0,0,0,0,0,0,1,0,0,0,0
50.2,67.158,156.24,20,3,0,0,0,27.5114381513965,0,0,0,0,0,0,0,1,0,0,0,0
66,82.961,163.82,2,0,1,1,0,30.9129274858684,0,0,0,0,0,0,0,1,0,0,0,0
43,59.976,152.79,2,1,1,0,1,25.6913920227688,0,0,0,0,0,0,0,1,0,0,0,1
74.8,91.832,168.08,11,0,1,1,0,32.5058827180729,0,0,0,0,0,0,0,1,0,0,0,0
50.5,67.515,156.41,9,3,0,0,0,27.5975951868813,0,0,0,0,0,0,0,1,0,0,0,0
63.5,80.528,162.65,17,1,0,1,0,30.4395885507185,0,0,0,0,0,0,0,1,0,0,1,0
65.7,82.669,163.68,11,2,1,1,0,30.8568402070081,0,0,0,0,0,0,0,1,0,0,2,0
54.3,71.261,158.21,25,0,0,1,0,28.4697760832395,0,0,0,0,0,0,0,1,0,0,0,0
38,54.993,150.4,19,2,1,1,0,24.3114991229063,0,0,0,0,0,0,0,1,0,0,2,0
50.7,67.734,156.51,9,1,0,1,0,27.6517448284054,0,0,0,0,0,0,0,1,0,0,1,0
53.1,70.12,157.66,11,3,0,0,0,28.2097256802917,0,0,0,0,0,0,0,1,0,0,0,0
68.6,85.569,165.07,21,2,1,1,0,31.403651855436,0,0,0,0,0,0,0,1,0,0,2,0
66.6,83.559,164.11,28,1,1,0,0,31.0258110249073,0,0,0,0,0,0,0,1,0,0,0,0
61,77.971,161.43,23,1,0,1,0,29.9202081606262,0,0,0,0,0,0,0,1,0,0,1,0
49.1,66.117,155.74,7,2,0,1,0,27.2591807207203,0,0,0,0,0,0,0,1,0,0,2,0
37.7,54.667,150.24,20,0,0,1,0,24.2188820216372,0,0,0,0,0,0,0,1,0,0,0,0
37.9,54.909,150.36,21,0,0,0,1,24.2872811557131,0,0,0,0,0,0,0,1,0,0,0,0
92.1,109.099,176.37,21,2,0,0,0,35.0728727909164,0,0,0,0,0,0,0,1,0,0,0,0
53.9,70.91,158.04,20,1,1,0,0,28.3905262907724,0,0,0,0,0,0,0,1,0,0,0,0
42.3,59.289,152.46,1,1,1,0,0,25.507171047581,0,0,0,0,0,0,0,1,0,0,0,0
52.6,69.608,157.41,2,0,0,0,1,28.0927670403298,0,0,0,0,0,0,0,1,0,0,0,0
89.9,106.861,175.29,8,1,0,1,0,34.7780279292419,0,0,0,0,0,0,0,1,0,0,1,0
48.4,65.357,155.37,9,0,0,1,0,27.0743337126689,0,0,0,0,0,0,0,1,0,0,0,0
51.7,68.658,156.96,29,2,1,1,0,27.8684726937189,0,0,0,0,0,0,0,1,0,0,2,0
54.6,71.625,158.38,12,0,0,0,1,28.5538029232429,0,0,0,0,0,0,0,1,0,0,0,0
67.4,84.351,164.49,11,1,1,1,0,31.1753425692489,0,0,0,0,0,0,0,1,0,0,1,0
66.4,83.357,164.01,25,2,1,1,0,30.988561660429,0,0,0,0,0,0,0,1,0,0,2,0
52.3,69.309,157.27,25,0,1,0,0,28.0219180894376,0,0,0,0,0,0,0,0,1,0,0,0
33.9,50.902,148.43,10,0,1,0,0,23.1042285345265,0,0,0,0,0,0,0,0,1,0,0,0
81.5,98.525,171.29,4,0,1,0,0,33.5801339974987,0,0,0,0,0,0,0,0,1,0,0,0
42.4,59.379,152.5,19,2,0,1,0,25.5324912657888,0,0,0,0,0,0,0,0,1,0,2,0
51.9,68.883,157.06,24,2,1,0,0,27.9242081784563,0,0,0,0,0,0,0,0,1,0,0,0
60.7,77.692,161.29,10,1,1,1,0,29.8649242595776,0,0,0,0,0,0,0,0,1,0,1,0
63.3,80.276,162.53,27,2,1,0,0,30.389157050642,0,0,0,0,0,0,0,0,1,0,0,0
42.7,59.736,152.67,6,0,1,1,0,25.6288268596284,0,0,0,0,0,0,0,0,1,0,0,0
61.9,78.903,161.87,24,1,1,0,0,30.1134686168466,0,0,0,0,0,0,0,0,1,0,0,0
69.1,86.081,165.32,23,0,1,1,0,31.4960803934552,0,0,0,0,0,0,0,0,1,0,0,0
63.9,80.935,162.85,27,2,0,0,0,30.5183356524843,0,0,0,0,0,0,0,0,1,0,0,0
68.9,85.873,165.22,10,1,1,0,1,31.4580211239002,0,0,0,0,0,0,0,0,1,0,0,1
56.4,73.392,159.23,27,0,0,0,1,28.9466914957486,0,0,0,0,0,0,0,0,1,0,0,0
64.5,81.475,163.11,20,1,1,1,0,30.6240900891232,0,0,0,0,0,0,0,0,1,0,1,0
63,79.975,162.39,22,0,1,0,0,30.3274353174203,0,0,0,0,0,0,0,0,1,0,0,0
71.3,88.333,166.4,13,1,1,0,0,31.9018843611316,0,0,0,0,0,0,0,0,1,0,0,0
47.8,64.765,155.09,22,1,1,1,0,26.9260580594826,0,0,0,0,0,0,0,0,1,0,1,0
59.9,76.932,160.93,5,0,0,1,0,29.7052355408138,0,0,0,0,0,0,0,0,1,0,0,0
65.1,82.106,163.41,20,0,1,1,0,30.748053986087,0,0,0,0,0,0,0,0,1,0,0,0
41.7,66.478,144.04,8,2,1,0,0,32.0414174192256,0,0,0,0,0,0,0,0,1,0,0,0
72.2,89.207,166.82,10,1,1,0,0,32.0555107284753,0,0,0,0,0,0,0,0,1,0,0,0
63.3,80.272,162.53,6,2,0,1,0,30.3876428168959,0,0,0,0,0,0,0,0,1,0,2,0
74.9,91.876,168.1,0,2,0,0,0,32.5137193131337,0,0,0,0,0,0,0,0,1,0,0,0
71.8,88.797,166.62,11,0,0,0,1,31.9848289966275,0,0,0,0,0,0,0,0,1,0,0,0
66.1,83.088,163.88,17,2,1,0,0,30.9375839456757,0,0,0,0,0,0,0,0,1,0,0,0
60.2,77.195,161.05,20,1,1,0,0,29.7623838283401,0,0,0,0,0,0,0,0,1,0,0,0
66.2,83.169,163.92,22,3,1,0,1,30.9526323235918,0,0,0,0,0,0,0,0,1,0,0,3
57.2,74.181,159.61,29,1,1,0,0,29.1187339467626,0,0,0,0,0,0,0,0,0,1,0,0
66.1,83.069,163.87,5,2,1,0,0,30.934284469824,0,0,0,0,0,0,0,0,0,1,0,0
62.6,79.554,162.19,10,1,1,1,0,30.2422342750104,0,0,0,0,0,0,0,0,0,1,1,0
68.5,85.543,165.06,4,0,1,0,0,31.3979139860637,0,0,0,0,0,0,0,0,0,1,0,0
49.5,66.544,155.94,19,1,0,1,0,27.364898602408,0,0,0,0,0,0,0,0,0,1,1,0
53.1,70.107,157.65,10,0,0,1,0,28.2080739259395,0,0,0,0,0,0,0,0,0,1,0,0
63.1,80.062,162.43,19,0,0,1,0,30.3454754413618,0,0,0,0,0,0,0,0,0,1,0,0
44.2,61.164,153.36,9,2,0,0,0,26.005887524766,0,0,0,0,0,0,0,0,0,1,0,0
53.2,70.209,157.7,2,2,0,1,0,28.2312040271355,0,0,0,0,0,0,0,0,0,1,2,0
61.7,78.675,161.76,20,3,1,1,0,30.067303063923,0,0,0,0,0,0,0,0,0,1,3,0
80.4,97.413,170.76,23,3,1,1,0,33.4075499272649,0,0,0,0,0,0,0,0,0,1,3,0
68.2,85.175,164.88,17,0,1,0,0,31.3311390978833,0,0,0,0,0,0,0,0,0,1,0,0
41.5,58.5,152.08,16,2,0,1,0,25.2936589480162,0,0,0,0,0,0,0,0,0,1,2,0
34.8,51.807,148.87,25,0,1,0,0,23.3762082451014,0,0,0,0,0,0,0,0,0,1,0,0
45.3,62.268,153.89,20,2,0,0,0,26.2932407171228,0,0,0,0,0,0,0,0,0,1,0,0
44.9,61.936,153.73,29,3,0,0,0,26.2075184138643,0,0,0,0,0,0,0,0,0,1,0,0
49.9,66.859,156.09,19,0,0,0,1,27.4416180591631,0,0,0,0,0,0,0,0,0,1,0,0
62.8,79.784,162.3,15,2,0,0,0,30.2885697701214,0,0,0,0,0,0,0,0,0,1,0,0
70.9,87.899,166.19,29,1,1,0,0,31.8254210894171,0,0,0,0,0,0,0,0,0,1,0,0
59.6,76.638,160.79,15,1,0,1,0,29.6432688001277,0,0,0,0,0,0,0,0,0,1,1,0
62.7,79.715,162.26,20,0,1,0,0,30.2772974287189,0,0,0,0,0,0,0,0,0,1,0,0
34.4,51.404,148.67,18,1,1,1,0,23.2568146699484,0,0,0,0,0,0,0,0,0,1,1,0
64.5,81.503,163.12,28,1,1,0,0,30.6308585091933,0,0,0,0,0,0,0,0,0,1,0,0
68.7,85.739,165.15,11,1,1,0,0,31.4355640873273,0,0,0,0,0,0,0,0,0,1,0,0
48,64.969,155.19,26,3,0,0,0,26.9760722376273,0,0,0,0,0,0,0,0,0,1,0,0
55.4,72.363,158.73,15,2,0,1,0,28.7209321418356,0,0,0,0,0,0,0,0,0,1,2,0
61.7,78.743,161.8,19,2,0,1,0,30.0784132770852,0,0,0,0,0,0,0,0,0,1,2,0
50.4,67.432,156.37,18,0,1,0,0,27.5777714769799,0,0,0,0,0,0,0,0,0,1,0,0
52.5,69.512,157.37,24,3,0,0,0,28.0682860957051,0,0,0,0,0,0,0,0,0,1,0,0
49,65.991,155.68,17,0,0,0,1,27.2282082570619,0,0,0,0,0,0,0,0,0,1,0,0
67.8,84.76,164.68,23,1,1,1,0,31.2542607713923,0,0,0,0,0,0,0,0,0,1,1,0
42.7,59.721,152.67,12,2,0,1,0,25.6223913366122,0,0,0,0,0,0,0,0,0,1,2,0
69.1,86.14,165.35,15,2,1,1,0,31.5062321642457,0,0,0,0,0,0,0,0,0,1,2,0
61.2,78.174,161.52,16,1,1,0,0,29.9646854142702,0,0,0,0,0,0,0,0,0,1,0,0
57.2,74.177,159.61,30,0,1,1,0,29.117163801634,0,0,0,0,0,0,0,0,0,1,0,0
60.5,77.518,161.21,13,1,1,0,0,29.8276201122627,0,0,0,0,0,0,0,0,0,1,0,0
89,105.971,174.87,30,1,0,1,0,34.6542426901453,0,0,0,0,0,0,0,0,0,1,1,0
63.9,80.897,162.83,24,2,1,1,0,30.5115008315598,0,0,0,0,0,0,0,0,0,1,2,0
74.6,91.577,167.96,15,0,0,0,1,32.4619556669868,0,0,0,0,0,0,0,0,0,1,0,0
66.4,83.357,164.01,15,3,0,0,0,30.988561660429,0,0,0,0,0,0,0,0,0,1,0,0
56.3,73.283,159.18,27,3,1,0,0,28.9218613025883,0,0,0,0,0,0,0,0,0,1,0,0
40.4,57.36,151.53,8,1,1,0,0,24.981119460667,0,0,0,0,0,0,0,0,0,1,0,0
73,90.005,167.2,5,0,1,1,0,32.1954196332502,0,0,0,0,0,0,0,0,0,1,0,0
61.7,78.739,161.79,12,3,1,1,0,30.0806034791231,0,0,0,0,0,0,0,0,0,1,3,0
63.7,80.703,162.74,16,1,1,0,0,30.4720067516509,0,0,0,0,0,0,0,0,0,1,0,0
55.3,72.312,158.71,11,1,0,1,0,28.7079241497039,0,0,0,0,0,0,0,0,0,1,1,0
54.1,71.098,158.13,17,2,0,1,0,28.4334031115072,0,0,0,0,0,0,0,0,0,1,2,0
49.3,66.342,155.84,6,3,0,0,0,27.316853962786,0,0,0,0,0,0,0,0,0,1,0,0
28,45.047,145.62,24,2,0,1,0,21.2433898947844,0,0,0,0,0,0,0,0,0,1,2,0
38.2,55.197,150.49,19,0,0,1,0,24.3725062110327,0,0,0,0,0,0,0,0,0,1,0,0
80,96.984,170.55,22,3,0,0,0,33.3423836741135,0,0,0,0,0,0,0,0,0,1,0,0
28.5,45.464,145.82,13,1,1,0,1,21.381267906177,0,0,0,0,0,0,0,0,0,1,0,1
62.9,79.915,162.36,17,3,1,1,0,30.3158827350777,0,0,0,0,0,0,0,0,0,1,3,0
65.1,82.074,163.4,8,1,0,1,0,30.739832416714,0,0,0,0,0,0,0,0,0,1,1,0
70.8,87.789,166.14,5,2,0,0,0,31.8047282935202,0,0,0,0,0,0,0,0,0,1,0,0
51.6,68.592,156.92,18,0,1,1,0,27.8558789972325,0,0,0,0,0,0,0,0,0,1,0,0
75.4,92.411,168.36,14,1,1,1,0,32.6021195572442,0,0,0,0,0,0,0,0,0,1,1,0
52.6,69.594,157.41,23,0,1,1,0,28.0871168458325,0,0,0,0,0,0,0,0,0,1,0,0
56.3,73.31,159.19,1,2,0,1,0,28.9288822673453,0,0,0,0,0,0,0,0,0,1,2,0
74.2,91.222,167.79,5,0,1,0,0,32.4016735108107,1,0,0,0,0,0,0,0,0,0,0,0
57.1,74.116,159.58,19,0,0,0,1,29.1041587877918,1,0,0,0,0,0,0,0,0,0,0,0
52.7,69.74,157.48,5,1,0,1,0,28.1210239839835,1,0,0,0,0,0,0,0,0,0,1,0
72.3,89.267,166.85,11,2,0,1,0,32.0655370192578,1,0,0,0,0,0,0,0,0,0,2,0
75.4,92.446,168.37,27,1,1,0,0,32.6105933476753,1,0,0,0,0,0,0,0,0,0,0,0
54.3,71.298,158.22,7,1,0,1,0,28.4809575929255,1,0,0,0,0,0,0,0,0,0,1,0
65.3,82.283,163.5,30,0,1,1,0,30.7804243937566,1,0,0,0,0,0,0,0,0,0,0,0
52.2,79.949,143.94,1,2,0,1,0,38.5878018084087,1,0,0,0,0,0,0,0,0,0,2,0
40.5,57.492,151.6,3,1,0,1,0,25.0154900063352,1,0,0,0,0,0,0,0,0,0,1,0
99.3,116.302,179.82,7,1,1,1,0,35.9675782011698,1,0,0,0,0,0,0,0,0,0,1,0
68.7,85.71,165.14,22,2,1,0,0,31.4287374225097,1,0,0,0,0,0,0,0,0,0,0,0
72.5,89.513,166.97,1,0,1,1,0,32.1077016125794,1,0,0,0,0,0,0,0,0,0,0,0
61.5,78.487,161.67,16,1,1,0,0,30.0288605252419,1,0,0,0,0,0,0,0,0,0,0,0
57.8,74.831,159.92,20,0,1,1,0,29.2601121721441,1,0,0,0,0,0,0,0,0,0,0,0
52.1,79.798,143.94,9,1,1,0,1,38.5149208708977,1,0,0,0,0,0,0,0,0,0,0,1
59.5,76.516,160.73,12,0,1,0,0,29.6181800628579,1,0,0,0,0,0,0,0,0,0,0,0
51.7,68.743,157,22,2,0,0,0,27.8887581646314,1,0,0,0,0,0,0,0,0,0,0,0
75.2,92.246,168.28,29,0,1,0,0,32.574858398984,0,1,0,0,0,0,0,0,0,0,0,0
52.9,69.925,157.56,23,1,1,0,1,28.1669959133707,0,1,0,0,0,0,0,0,0,0,0,1
75.4,92.449,168.38,17,0,1,1,0,32.6077781435469,0,1,0,0,0,0,0,0,0,0,0,0
67.2,84.232,164.43,14,0,1,0,0,31.1540849001851,0,1,0,0,0,0,0,0,0,0,0,0
67.2,84.208,164.42,11,0,1,0,0,31.1489968586299,0,1,0,0,0,0,0,0,0,0,0,0
34.3,51.27,148.61,6,2,1,1,0,23.2149230832365,0,1,0,0,0,0,0,0,0,0,2,0
63.6,80.573,162.68,4,3,0,0,0,30.4453665184868,0,1,0,0,0,0,0,0,0,0,0,0
63.7,80.703,162.74,12,2,1,1,0,30.4720067516509,0,1,0,0,0,0,0,0,0,0,2,0
38.9,55.923,150.84,8,2,0,1,0,24.578615388932,0,1,0,0,0,0,0,0,0,0,2,0
57,73.993,159.52,21,2,0,1,0,29.0777202469998,0,1,0,0,0,0,0,0,0,0,2,0
53.7,70.75,157.96,12,2,0,1,0,28.3551659962316,0,1,0,0,0,0,0,0,0,0,2,0
49.4,66.355,155.85,12,0,0,0,1,27.3187007118075,0,1,0,0,0,0,0,0,0,0,0,0
54.2,71.206,158.18,6,3,0,0,0,28.4585944995355,0,1,0,0,0,0,0,0,0,0,0,0
70.7,87.747,166.12,16,2,1,0,0,31.7971673310467,0,1,0,0,0,0,0,0,0,0,0,0
52,69.019,157.13,12,2,0,1,0,27.9544171472433,0,1,0,0,0,0,0,0,0,0,2,0
49.8,66.756,156.04,17,0,1,0,0,27.4169047157339,0,1,0,0,0,0,0,0,0,0,0,0
66.5,83.486,164.07,29,0,1,0,0,31.0138225262889,0,1,0,0,0,0,0,0,0,0,0,0
56.7,73.683,159.37,20,0,0,0,1,29.0104292302129,0,1,0,0,0,0,0,0,0,0,0,0
52.3,69.329,157.28,10,3,0,0,0,28.0264399418807,0,1,0,0,0,0,0,0,0,0,0,0
74.8,91.768,168.05,10,2,1,0,1,32.4948272981974,0,1,0,0,0,0,0,0,0,0,0,2
70.3,87.324,165.92,28,3,1,0,0,31.7202165024285,0,1,0,0,0,0,0,0,0,0,0,0
43.1,60.057,152.83,11,2,0,1,0,25.7126245304466,0,1,0,0,0,0,0,0,0,0,2,0
50.8,67.814,156.55,17,1,0,1,0,27.6702586033219,0,1,0,0,0,0,0,0,0,0,1,0
70.3,87.275,165.89,15,2,1,0,0,31.7138847195512,0,1,0,0,0,0,0,0,0,0,0,0
37.3,54.283,150.06,4,0,0,0,1,24.1064887297558,0,1,0,0,0,0,0,0,0,0,0,0
44,61.004,153.28,7,3,0,0,0,25.9649403332447,0,1,0,0,0,0,0,0,0,0,0,0
43.4,60.365,152.98,22,2,0,1,0,25.7938334804292,0,1,0,0,0,0,0,0,0,0,2,0
43.8,60.762,153.17,9,3,0,0,0,25.8990978020595,0,1,0,0,0,0,0,0,0,0,0,0
41.9,58.94,152.29,15,3,0,0,0,25.413668356483,0,1,0,0,0,0,0,0,0,0,0,0
56.2,73.228,159.15,8,0,1,0,0,28.911051475257,0,1,0,0,0,0,0,0,0,0,0,0
76,92.985,168.63,11,3,0,0,0,32.6996583695411,0,1,0,0,0,0,0,0,0,0,0,0
45,61.999,153.76,13,2,0,0,0,26.2239400890722,0,1,0,0,0,0,0,0,0,0,0,0
45.2,62.202,153.86,24,1,0,1,0,26.2756151764357,0,1,0,0,0,0,0,0,0,0,1,0
32.8,49.826,147.92,21,2,0,1,0,22.772055173729,0,1,0,0,0,0,0,0,0,0,2,0
44.9,61.918,153.72,25,1,0,1,0,26.2033108106232,0,1,0,0,0,0,0,0,0,0,1,0
68.4,85.418,165,25,1,1,0,0,31.374839302112,0,1,0,0,0,0,0,0,0,0,0,0
65.6,82.608,163.65,12,0,1,1,0,30.8453774080798,0,1,0,0,0,0,0,0,0,0,0,0
71.6,88.551,166.5,5,0,1,1,0,31.942212482753,0,1,0,0,0,0,0,0,0,0,0,0
60.2,77.159,161.04,19,1,1,0,0,29.7521987607131,0,1,0,0,0,0,0,0,0,0,0,0
77,93.952,169.1,9,2,0,1,0,32.8563120370445,0,1,0,0,0,0,0,0,0,0,2,0
55.3,72.285,158.7,28,0,1,1,0,28.7008217761753,0,1,0,0,0,0,0,0,0,0,0,0
56.6,73.647,159.35,5,0,1,0,0,29.003534420554,0,1,0,0,0,0,0,0,0,0,0,0
53.5,70.529,157.85,29,1,0,1,0,28.3060033517785,0,1,0,0,0,0,0,0,0,0,1,0
62.1,79.088,161.96,0,0,1,0,0,30.1505373694348,0,1,0,0,0,0,0,0,0,0,0,0
32.8,49.838,147.92,21,0,1,1,0,22.7775395526092,0,1,0,0,0,0,0,0,0,0,0,0
56.1,73.129,159.1,19,2,0,1,0,28.8901153210568,0,1,0,0,0,0,0,0,0,0,2,0
46.3,63.348,154.41,23,2,1,0,0,26.5694192703307,0,1,0,0,0,0,0,0,0,0,0,0
61.5,78.48,161.67,27,3,1,1,0,30.0261823489365,0,1,0,0,0,0,0,0,0,0,3,0
68.2,85.21,164.9,15,0,1,0,0,31.3364109530704,0,1,0,0,0,0,0,0,0,0,0,0
52.6,69.622,157.42,22,2,0,1,0,28.0948474819661,0,1,0,0,0,0,0,0,0,0,2,0
65.2,82.154,163.43,28,3,0,0,0,30.7584999896422,0,1,0,0,0,0,0,0,0,0,0,0
60.2,77.212,161.06,3,1,1,0,0,29.7652416333002,0,1,0,0,0,0,0,0,0,0,0,0
71.9,88.92,166.68,15,1,1,0,0,32.0060788225495,0,1,0,0,0,0,0,0,0,0,0,0
50.7,67.661,172.65,6,3,0,0,0,22.6989227480622,0,0,0,0,0,0,0,0,0,0,0,0
36.3,53.272,168.05,30,2,0,1,0,18.8634866165719,0,0,0,0,0,0,0,0,0,0,2,0
66.2,83.171,177.61,1,0,1,0,0,26.3655657412247,0,0,0,0,0,0,0,0,0,0,0,0
55.7,72.667,174.25,7,0,1,0,0,23.9326978298055,0,0,0,0,0,0,0,0,0,0,0,0
66,82.992,177.56,27,2,1,0,0,26.3236409183363,0,0,0,0,0,0,0,0,0,0,0,0
57.6,74.602,174.87,4,0,1,0,0,24.3960688600676,0,0,0,0,0,0,0,0,0,0,0,0
70.5,87.528,179.01,11,3,1,0,0,27.3144474750037,0,0,0,0,0,0,0,0,0,0,0,0
50,66.987,172.44,5,0,0,0,1,22.5275778958425,0,0,0,0,0,0,0,0,0,0,0,0
61.1,78.138,176,5,2,0,0,0,25.2253357438017,0,0,0,0,0,0,0,0,0,0,0,0
65.2,82.188,177.3,29,0,1,1,0,26.1451381552389,0,0,0,0,0,0,0,0,0,0,0,0
50.1,67.062,172.46,24,2,0,1,0,22.5475696831932,0,0,0,0,0,0,0,0,0,0,2,0
68.7,85.716,178.43,29,1,1,0,0,26.9231670086082,0,0,0,0,0,0,0,0,0,0,0,0
71.8,88.811,179.42,12,3,1,1,0,27.5883073415533,0,0,0,0,0,0,0,0,0,0,3,0
27.9,44.935,165.38,26,1,1,0,0,16.4292890638038,0,0,0,0,0,0,0,0,0,0,0,0
58.4,75.356,175.11,9,1,0,1,0,24.5751366491381,0,0,0,0,0,0,0,0,0,0,1,0
79.5,96.469,181.87,15,1,1,1,0,29.1652459408666,0,0,0,0,0,0,0,0,0,0,1,0
43.9,60.896,170.49,19,2,0,0,0,20.9503337103368,0,0,0,0,0,0,0,0,0,0,0,0
74.3,91.324,180.22,24,0,0,0,1,28.1176457272946,0,0,0,0,0,0,0,0,0,0,0,0
45.6,62.647,171.05,17,1,0,1,0,21.4118465132864,0,0,0,0,0,0,0,0,0,0,1,0
55.2,72.157,174.09,11,3,0,0,0,23.8084333141858,0,0,0,0,0,0,0,0,0,0,0,0
56.2,73.224,174.43,20,1,1,0,0,24.0663976213181,0,0,0,0,0,0,0,0,0,0,0,0
63,79.95,176.58,7,0,1,0,0,25.6410286014561,0,0,0,0,0,0,0,0,0,0,0,0
33.8,50.757,167.24,8,2,0,1,0,18.1474507888987,0,0,0,0,0,0,0,0,0,0,2,0
43.4,68.653,161.72,16,1,0,1,0,26.2501660207433,0,0,0,0,0,0,0,0,0,0,1,0
69.8,86.776,178.77,22,0,1,0,0,27.1525327917696,0,0,0,0,0,0,0,0,0,0,0,0
58.5,75.464,175.15,23,2,0,0,0,24.5991181328284,0,0,0,0,0,0,0,0,0,0,0,0
54.8,71.768,173.97,3,2,0,1,0,23.7127605984662,0,0,0,0,0,0,0,0,0,0,2,0
62.3,79.305,176.38,18,0,0,0,1,25.4918816143967,0,0,0,0,0,0,0,0,0,0,0,0
59.9,76.867,175.6,27,1,0,1,0,24.9281993140343,0,0,0,0,0,0,0,0,0,0,1,0
69.8,86.756,178.76,19,2,1,1,0,27.1493119779275,0,0,0,0,0,0,0,0,0,0,2,0
30.3,47.276,166.13,8,0,1,1,0,17.1294963510307,0,0,0,0,0,0,0,0,0,0,0,0
35.6,52.581,167.83,11,1,0,1,0,18.6676501090966,0,0,0,0,0,0,0,0,0,0,1,0
79.2,96.151,181.77,20,0,0,0,1,29.1010990388659,0,0,0,0,0,0,0,0,0,0,0,0
37.1,54.094,168.31,27,1,0,1,0,19.0954218321967,0,0,0,0,0,0,0,0,0,0,1,0
36.3,53.285,168.05,22,0,1,0,0,18.8680898851936,0,0,0,0,0,0,0,0,0,0,0,0
58.8,75.823,175.26,11,0,0,1,0,24.6851260348183,0,0,0,0,0,0,0,0,0,0,0,0
39.7,56.721,169.15,26,0,1,0,1,19.8243919078972,0,0,0,0,0,0,0,0,0,0,0,0
52.8,69.757,173.32,2,1,0,1,0,23.2215087929415,0,0,0,0,0,0,0,0,0,0,1,0
65.2,82.211,177.31,8,1,0,1,0,26.1495049430281,0,0,0,0,0,0,0,0,0,0,1,0
50.4,67.413,172.57,11,0,1,0,0,22.6366969241577,0,0,0,0,0,0,0,0,0,0,0,0
57.1,74.135,174.72,11,1,0,1,0,24.284996758812,0,0,0,0,0,0,0,0,0,0,1,0
74.7,91.674,180.34,8,0,1,0,1,28.1878564153875,0,0,0,0,0,0,0,0,0,0,0,0
48.4,65.403,171.93,12,1,0,1,0,22.1255636545951,0,0,0,0,0,0,0,0,0,0,1,0
64.9,81.915,177.21,10,3,0,0,0,26.0847683609997,0,0,0,0,0,0,0,0,0,0,0,0
36.6,53.642,168.17,8,3,0,0,0,18.9674048213791,0,0,0,0,0,0,0,0,0,0,0,0
51.4,68.416,172.89,24,3,0,0,0,22.888531543296,0,0,0,0,0,0,0,0,0,0,0,0
83.8,100.797,183.26,30,0,1,0,0,30.0131958372031,0,0,0,0,0,0,0,0,0,0,0,0
70.6,87.607,179.03,18,0,1,0,0,27.3329926986899,0,0,0,0,0,0,0,0,0,0,0,0
75,92.014,180.44,18,1,1,0,0,28.2610487204828,0,0,0,0,0,0,0,0,0,0,0,0
56.7,73.676,174.58,17,3,0,0,0,24.1733622881715,0,0,0,0,0,0,0,0,0,0,0,0
58.5,75.519,175.17,7,1,1,0,0,24.6114255969561,0,0,0,0,0,0,0,0,0,0,0,0
72,88.999,179.48,14,0,1,1,0,27.6282263363507,0,0,0,0,0,0,0,0,0,0,0,0
61,77.99,175.96,30,0,1,0,0,25.1890050648536,0,0,0,0,0,0,0,0,0,0,0,0
45,62.011,170.84,2,2,0,0,0,21.2466082038146,0,0,0,0,0,0,0,0,0,0,0,0
51.9,68.853,173.03,2,2,1,0,0,22.9974695301732,0,0,0,0,0,0,0,0,0,0,0,0
62.8,79.802,176.54,15,1,1,0,0,25.6051621998886,0,0,0,0,0,0,0,0,0,0,0,0
56.2,73.157,174.41,2,0,1,0,0,24.0498916196633,0,0,0,0,0,0,0,0,0,0,0,0
49.9,66.869,172.4,29,1,1,0,0,22.4983311890009,0,0,0,0,0,0,0,0,0,0,0,0
58.7,75.704,175.23,19,2,0,1,0,24.6548239162305,0,0,0,0,0,0,0,0,0,0,2,0
54.9,71.917,174.01,8,1,1,0,1,23.751068301863,0,0,0,0,0,0,0,0,0,0,0,1
73.5,90.453,179.94,30,1,0,1,0,27.9362136309895,0,0,0,0,0,0,0,0,0,0,1,0
55.8,72.771,174.29,11,0,1,0,0,23.9559502841164,0,0,0,0,0,0,0,0,0,0,0,0
73.5,90.456,179.95,11,0,0,0,1,27.9340352715988,0,0,0,0,0,0,0,0,0,0,0,0
44.5,61.473,170.67,10,2,0,1,0,21.1042552578573,0,0,0,0,0,0,0,0,0,0,2,0
51.8,68.823,173.02,3,2,0,1,0,22.9901065610797,0,0,0,0,0,0,0,0,0,0,2,0
36.6,53.611,168.16,17,2,0,0,0,18.9586980955114,0,0,0,0,0,0,0,0,0,0,0,0
58.5,75.501,175.16,10,2,0,1,0,24.6083690240133,0,0,0,0,0,0,0,0,0,0,2,0
51,67.986,172.76,0,2,0,1,0,22.7789184175781,0,0,0,0,0,0,0,0,0,0,2,0
26,43.033,164.77,30,0,1,0,0,15.8505866310105,0,0,0,0,0,0,0,0,0,0,0,0
49.3,66.29,172.21,11,1,0,1,0,22.3527667109178,0,0,0,0,0,0,0,0,0,0,1,0
39.9,56.921,169.21,7,3,0,0,0,19.8801872341257,0,0,0,0,0,0,0,0,0,0,0,0
61.9,78.948,176.26,22,0,1,0,0,25.4116930533737,0,0,0,0,0,0,0,0,0,0,0,0
53.7,70.716,173.63,9,0,1,0,0,23.456767145801,0,0,0,0,0,0,0,0,0,0,0,0
33.9,50.858,167.27,12,0,1,0,0,18.1770400309724,0,0,0,0,0,0,0,0,0,0,0,0
61,78.035,175.97,12,2,0,0,0,25.2006746010841,0,0,0,0,0,0,0,0,0,0,0,0
53.5,70.465,173.55,13,1,0,1,0,23.3950630656563,0,0,0,0,0,0,0,0,0,0,1,0
88.4,105.409,184.73,23,1,1,0,0,30.8889277451837,0,0,0,0,0,0,0,0,0,0,0,0
65.4,82.401,177.37,6,2,1,0,0,26.1922103665165,0,0,0,0,0,0,0,0,0,0,0,0
50.8,67.797,172.7,22,1,0,1,0,22.7313799798761,0,0,0,0,0,0,0,0,0,0,1,0
63.1,80.083,176.63,18,1,0,1,0,25.6691445769349,0,0,0,0,0,0,0,0,0,0,1,0
57.4,74.434,174.82,10,2,1,0,0,24.3550556539558,0,0,0,0,0,0,0,0,0,0,0,0
63.5,80.511,176.76,11,2,1,0,1,25.7683870504873,0,0,0,0,0,0,0,0,0,0,0,2
85.9,102.942,183.94,1,3,0,0,0,30.4256760809142,0,0,0,0,0,0,0,0,0,0,0,0
50.7,67.673,172.66,15,0,0,0,1,22.7003187993821,0,0,0,0,0,0,0,0,0,0,0,0
65.5,82.492,177.4,29,2,1,0,0,26.2122681498636,0,0,0,0,0,0,0,0,0,0,0,0
73.9,90.928,180.1,0,2,1,1,0,28.0330410552963,0,0,0,0,0,0,0,0,0,0,2,0
46.6,63.603,171.35,3,2,1,1,0,21.6625402779503,0,0,0,0,0,0,0,0,0,0,2,0
40.8,57.807,169.5,13,2,0,1,0,20.1206045892396,0,0,0,0,0,0,0,0,0,0,2,0
54.4,71.403,173.85,9,2,0,1,0,23.6247417082998,0,0,0,0,0,0,0,0,0,0,2,0
59,76.019,175.33,29,2,0,1,0,24.7291783475375,0,0,0,0,0,0,0,0,0,0,2,0
62.2,79.224,176.35,18,0,1,1,0,25.4745099350637,0,0,0,0,0,0,0,0,0,0,0,0
65.1,82.077,177.26,22,2,1,0,0,26.1216125939494,0,0,0,0,0,0,0,0,0,0,0,0
46.3,63.322,171.26,20,0,1,1,0,21.5895079341936,0,0,0,0,0,0,0,0,0,0,0,0
79.6,96.585,181.91,22,1,1,0,0,29.1874757060009,0,0,0,0,0,0,0,0,0,0,0,0
77.9,94.854,181.35,3,0,1,0,0,28.8416784054341,0,0,0,0,0,0,0,0,0,0,0,0
45,62.032,170.85,7,0,1,0,0,21.2513154244615,0,0,0,0,0,0,0,0,0,0,0,0
62.6,79.619,176.48,19,2,1,1,0,25.5638186755153,0,0,0,0,0,0,0,0,0,0,2,0
63.5,80.483,176.75,29,3,1,1,0,25.7623402267485,0,0,0,0,0,0,0,0,0,0,3,0
